Estimate,Std. Error,z value,Pr(>|z|),factor
12.220565468465784,2100770.6611805186,5.817182091451378e-6,0.9999953585602219,(Intercept)
11.400128731444733,20790.33495050983,5.483379059828554e-4,0.999562489672638,days_late
-0.6994787922660343,92355.70173866751,-7.573747793561253e-6,0.9999939570235682,complaints
-0.42572090731436535,25473.943734339944,-1.671201411740875e-5,0.9999866657419564,inspection_score
-0.015745182486908867,11500.691604723128,-1.3690639683306178e-6,0.9999989076449969,estimated_margin_pct
0.02052805509491208,4042.4826799373,5.078081149683609e-6,0.9999959482774522,labor_hours
